﻿[
    {
        "#": "1",
        "Question": "How do I download a brand logo?",
        "Answer": "To download a brand logo, navigate to the Logo section, select the desired logo, and click the download button.",
        "Topic": "Downloads"
    },
    {
        "#": "2",
        "Question": "Are there specific guidelines for logo usage?",
        "Answer": "Yes, detailed guidelines for logo usage can be found in the Guidelines section. Ensure compliance for consistent branding.",
        "Topic": "Guidelines"
    },
    {
        "#": "3",
        "Question": "Can I request custom brand assets?",
        "Answer": "Currently, we don't offer custom requests. All available assets are showcased on the website for download and use.",
        "Topic": "Usage"
    },
    {
        "#": "4",
        "Question": "What file formats are available for logo downloads?",
        "Answer": "Logos are available in PNG, JPEG, and SVG formats. Choose the format that best suits your needs.",
        "Topic": "Downloads"
    },
    {
        "#": "5",
        "Question": "How can I navigate to the Icons section?",
        "Answer": "To access the Icons section, use the main navigation menu and click on \"Icons.\"",
        "Topic": "Website Navigation"
    },
    {
        "#": "6",
        "Question": "Are there restrictions on commercial use of brand assets?",
        "Answer": "Review the Licensing section for information on the commercial use of brand assets and any associated restrictions.",
        "Topic": "Usage"
    },
    {
        "#": "7",
        "Question": "What is the recommended color palette for brand materials?",
        "Answer": "The recommended color palette can be found in the Color Guidelines section. Follow these colors for consistent brand representation.",
        "Topic": "Guidelines"
    },
    {
        "#": "8",
        "Question": "Is there a search function for finding specific assets? (rephrase for filters)",
        "Answer": "Yes, use the search bar at the top of the page to quickly find specific brand assets based on keywords.",
        "Topic": "Website Navigation"
    },
    {
        "#": "9",
        "Question": "How do I provide feedback on the website?",
        "Answer": "We welcome your feedback! Navigate to the Contact Us page and use the provided form to share your thoughts and suggestions.",
        "Topic": "Website Feedback"
    },
    {
        "#": "10",
        "Question": "Can I use the brand assets for personal projects?",
        "Answer": "Brand assets are intended for official use only. Refer to the Usage Policy for more details on acceptable use cases.",
        "Topic": "Usage"
    },
    {
        "#": "11",
        "Question": "Are there specific mockup templates available?",
        "Answer": "Yes, find a variety of mockup templates in the Mockups section. Download and customize them for your presentations or designs.",
        "Topic": "Downloads"
    },
    {
        "#": "12",
        "Question": "Where can I find high-resolution images for print materials?",
        "Answer": "High-resolution images suitable for print can be downloaded from the Print Materials section. Ensure proper resolution for quality prints.",
        "Topic": "Downloads"
    },
    {
        "#": "13",
        "Question": "How do I report a technical issue with the website?",
        "Answer": "If you encounter any technical issues, report them through the Technical Support form on the Contact Us page. Include details for a faster resolution.",
        "Topic": "Website Support"
    },
    {
        "#": "14",
        "Question": "Can I share the downloaded assets with others?",
        "Answer": "While sharing within your organization is allowed, external distribution is subject to the terms outlined in the Licensing section.",
        "Topic": "Usage"
    },
    {
        "#": "15",
        "Question": "How long do you support the website?",
        "Answer": "6 months",
        "Topic": "Website Support"
    },
    {
        "#": "16",
        "Question": "What is the purpose of the Style Guide section?",
        "Answer": "The Style Guide section provides comprehensive information on how to maintain visual consistency across different brand materials.",
        "Topic": "Guidelines"
    },
    {
        "#": "17",
        "Question": "Are there different versions of the brand logo available?",
        "Answer": "Yes, explore the Logo Variations section to find different versions of the brand logo, such as horizontal, vertical, and monochrome variations.",
        "Topic": "Downloads"
    },
    {
        "#": "18",
        "Question": "How do I access the brand assets on mobile devices?",
        "Answer": "The website is optimized for mobile use. Simply navigate to the website on your mobile browser to access and download brand assets on the go.",
        "Topic": "Website Navigation"
    },
    {
        "#": "19",
        "Question": "Can I use the brand assets for commercial projects?",
        "Answer": "Commercial use is allowed, but make sure to review and comply with the Commercial Use Guidelines in the Usage Policy section.",
        "Topic": "Usage"
    },
    {
        "#": "20",
        "Question": "How can I share my own designs using the brand assets?",
        "Answer": "Share your designs with us by tagging our official social media accounts. Check the Social Media Sharing Guidelines for more details.",
        "Topic": "Social Media"
    },
    {
        "#": "21",
        "Question": "Are there any restrictions on modifying the brand assets?",
        "Answer": "Review the Modification Policy in the Usage Guidelines section for information on permissible modifications to brand assets.",
        "Topic": "Guidelines"
    },
    {
        "#": "22",
        "Question": "What is the recommended image resolution for online use?",
        "Answer": "For online use, it is recommended to use the web-optimized images available in the Downloads section to ensure fast loading times.",
        "Topic": "Guidelines"
    },
    {
        "#": "23",
        "Question": "How do I credit the brand when using assets in my projects?",
        "Answer": "Follow the Crediting Guidelines in the Usage Policy section to appropriately credit the brand when using assets in your projects.",
        "Topic": "Usage"
    },
    {
        "#": "24",
        "Question": "Can I download all brand assets in a single bundle?",
        "Answer": "Currently, we do not offer a bundled download option. You can individually download assets based on your specific needs.",
        "Topic": "Downloads"
    },
    {
        "#": "25",
        "Question": "Are there any restrictions on using brand assets in social media ads?",
        "Answer": "Review the Social Media Usage Guidelines in the Usage Policy section for specific rules and recommendations when using brand assets in social media ads.",
        "Topic": "Social Media"
    },
    {
        "#": "26",
        "Question": "Can I use the brand assets in presentations for clients?",
        "Answer": "Yes, brand assets can be used in client presentations. Ensure compliance with the Usage Policy, and consider the context of use for optimal representation.",
        "Topic": "Usage"
    },
    {
        "#": "27",
        "Question": "How do I reset my password if I forget it?",
        "Answer": "Use the \"Forgot Password\" link on the login page to initiate the password reset process. Follow the instructions sent to your registered email address.",
        "Topic": "Website Navigation"
    },
    {
        "#": "28",
        "Question": "Are there restrictions on using brand assets for merchandise?",
        "Answer": "Review the Merchandise Usage Guidelines in the Usage Policy section for information on using brand assets for merchandise and any associated restrictions.",
        "Topic": "Usage"
    },
    {
        "#": "29",
        "Question": "What are the system requirements for optimal website performance?",
        "Answer": "The website is designed to be compatible with modern web browsers. Ensure your browser is up to date for the best performance and user experience.",
        "Topic": "Website Navigation"
    },
    {
        "#": "30",
        "Question": "Is there a limit on the duration of using brand assets after download?",
        "Answer": "Once downloaded, brand assets can be used indefinitely, subject to compliance with the Usage Policy. Refer to the Policy for more details on usage duration.",
        "Topic": "Usage"
    },
    {
        "#": "31",
        "Question": "How can I request a specific type of mockup template?",
        "Answer": "To request a specific mockup template, use the Mockup Template Request form on the Mockups page. Provide details about your requirements for a personalized template.",
        "Topic": "Mockups"
    },
    {
        "#": "32",
        "Question": "Can I use the brand assets for educational purposes?",
        "Answer": "Yes, brand assets can be used for educational purposes. Ensure compliance with the Educational Use Guidelines in the Usage Policy section.",
        "Topic": "Usage"
    },
    {
        "#": "33",
        "Question": "How can I share my success stories using the brand assets?",
        "Answer": "We love hearing success stories! Share your experiences by submitting a Success Story through the provided form on the Success Stories page.",
        "Topic": "Social Media"
    }
]